model_a,model_b,winner_side,winner_model,method,turns,hp_a,hp_b,damage_a,damage_b,hits_a,hits_b,fallback_a,fallback_b,latency_ms_a,latency_ms_b,invalid_a,invalid_b,seed,weapon,sharp,arena,mode,match_length,fallback_policy,ranking_eligible,spec_fingerprint,latency_a_telemetry,latency_b_telemetry,batch_idx,flipped,pair,combo
bot:pro,bot:greedy,b,bot:greedy,points,12,75.2,94.4,5.6,24.8,2,2,0,0,0.3,0.2,0,0,5000,sword,tip,normal,macro,standard,operational,True,029281ed627a,0.3,0.2,0,False,bot:pro vs bot:greedy,sword/normal
bot:greedy,bot:pro,a,bot:greedy,kill,7,88.3,0.0,101.4,11.8,7,6,0,0,0.4,0.2,0,0,5001,sword,edge,normal,macro,standard,operational,True,029281ed627a,0.4,0.2,1,True,bot:pro vs bot:greedy,sword/normal
bot:pro,bot:greedy,a,bot:pro,points,12,79.3,71.2,28.7,20.8,11,6,0,0,0.3,0.1,0,0,5002,sword,back_edge,normal,macro,standard,operational,True,029281ed627a,0.3,0.1,2,False,bot:pro vs bot:greedy,sword/normal
bot:greedy,bot:pro,a,bot:greedy,points,12,66.6,25.4,74.6,33.4,10,22,0,0,0.3,0.2,0,0,5003,sword,pommel,normal,macro,standard,operational,True,029281ed627a,0.3,0.2,3,True,bot:pro vs bot:greedy,sword/normal
bot:pro,bot:greedy,b,bot:greedy,points,12,75.2,94.4,5.6,24.8,2,2,0,0,0.3,0.2,0,0,5004,sword,tip,normal,macro,standard,operational,True,029281ed627a,0.3,0.2,4,False,bot:pro vs bot:greedy,sword/normal
bot:greedy,bot:pro,b,bot:pro,points,12,46.9,78.6,21.4,53.3,6,15,0,0,0.4,0.2,0,0,5005,sword,edge,normal,macro,standard,operational,True,029281ed627a,0.4,0.2,5,True,bot:pro vs bot:greedy,sword/normal
bot:pro,bot:greedy,a,bot:pro,points,12,79.3,71.2,28.7,20.8,11,6,0,0,0.6,0.4,0,0,5006,sword,back_edge,normal,macro,standard,operational,True,029281ed627a,0.6,0.4,6,False,bot:pro vs bot:greedy,sword/normal
bot:greedy,bot:pro,a,bot:greedy,points,12,66.6,25.4,74.6,33.4,10,22,0,0,0.3,0.1,0,0,5007,sword,pommel,normal,macro,standard,operational,True,029281ed627a,0.3,0.1,7,True,bot:pro vs bot:greedy,sword/normal
bot:pro,bot:greedy,a,bot:pro,points,12,100.0,71.6,28.3,0.0,12,0,0,0,0.3,0.1,0,0,6000,sword,tip,ice,macro,standard,operational,True,029281ed627a,0.3,0.1,0,False,bot:pro vs bot:greedy,sword/ice
bot:greedy,bot:pro,a,bot:greedy,points,12,76.8,47.7,52.1,23.1,15,14,0,0,0.6,0.2,0,0,6001,sword,edge,ice,macro,standard,operational,True,029281ed627a,0.6,0.2,1,True,bot:pro vs bot:greedy,sword/ice
bot:pro,bot:greedy,b,bot:greedy,points,12,80.0,84.7,15.1,19.9,12,13,0,0,0.4,0.2,0,0,6002,sword,back_edge,ice,macro,standard,operational,True,029281ed627a,0.4,0.2,2,False,bot:pro vs bot:greedy,sword/ice
bot:greedy,bot:pro,b,bot:pro,points,12,2.1,41.8,58.2,97.8,6,11,0,0,0.3,0.2,0,0,6003,sword,pommel,ice,macro,standard,operational,True,029281ed627a,0.3,0.2,3,True,bot:pro vs bot:greedy,sword/ice
bot:pro,bot:greedy,a,bot:pro,points,12,100.0,71.6,28.3,0.0,12,0,0,0,0.3,0.1,0,0,6004,sword,tip,ice,macro,standard,operational,True,029281ed627a,0.3,0.1,4,False,bot:pro vs bot:greedy,sword/ice
bot:greedy,bot:pro,b,bot:pro,points,12,84.4,91.7,80.5,21.0,3,10,0,0,0.3,0.2,0,0,6005,sword,edge,ice,macro,standard,operational,True,029281ed627a,0.3,0.2,5,True,bot:pro vs bot:greedy,sword/ice
bot:pro,bot:greedy,b,bot:greedy,points,12,80.0,84.7,15.1,19.9,12,13,0,0,0.3,0.2,0,0,6006,sword,back_edge,ice,macro,standard,operational,True,029281ed627a,0.3,0.2,6,False,bot:pro vs bot:greedy,sword/ice
bot:greedy,bot:pro,b,bot:pro,points,12,2.1,41.8,58.2,97.8,6,11,0,0,0.3,0.1,0,0,6007,sword,pommel,ice,macro,standard,operational,True,029281ed627a,0.3,0.1,7,True,bot:pro vs bot:greedy,sword/ice
bot:pro,bot:greedy,b,bot:greedy,kill,5,0.0,72.6,27.4,112.1,4,5,0,0,0.3,0.2,0,0,7000,sword,tip,low_gravity,macro,standard,operational,True,029281ed627a,0.3,0.2,0,False,bot:pro vs bot:greedy,sword/low_gravity
bot:greedy,bot:pro,a,bot:greedy,points,12,77.1,11.0,88.9,22.8,11,9,0,0,0.3,0.2,0,0,7001,sword,edge,low_gravity,macro,standard,operational,True,029281ed627a,0.3,0.2,1,True,bot:pro vs bot:greedy,sword/low_gravity
bot:pro,bot:greedy,a,bot:pro,points,12,96.6,78.0,21.9,3.4,7,2,0,0,0.3,0.1,0,0,7002,sword,back_edge,low_gravity,macro,standard,operational,True,029281ed627a,0.3,0.1,2,False,bot:pro vs bot:greedy,sword/low_gravity
bot:greedy,bot:pro,a,bot:greedy,points,12,64.1,13.1,86.9,36.1,6,15,0,0,0.2,0.1,0,0,7003,sword,pommel,low_gravity,macro,standard,operational,True,029281ed627a,0.2,0.1,3,True,bot:pro vs bot:greedy,sword/low_gravity
bot:pro,bot:greedy,b,bot:greedy,kill,5,0.0,72.6,27.4,112.1,4,5,0,0,0.2,0.1,0,0,7004,sword,tip,low_gravity,macro,standard,operational,True,029281ed627a,0.2,0.1,4,False,bot:pro vs bot:greedy,sword/low_gravity
bot:greedy,bot:pro,a,bot:greedy,points,12,82.4,72.1,27.9,17.7,3,9,0,0,0.2,0.1,0,0,7005,sword,edge,low_gravity,macro,standard,operational,True,029281ed627a,0.2,0.1,5,True,bot:pro vs bot:greedy,sword/low_gravity
bot:pro,bot:greedy,a,bot:pro,points,12,96.6,78.0,21.9,3.4,7,2,0,0,0.2,0.1,0,0,7006,sword,back_edge,low_gravity,macro,standard,operational,True,029281ed627a,0.2,0.1,6,False,bot:pro vs bot:greedy,sword/low_gravity
bot:greedy,bot:pro,a,bot:greedy,points,12,64.1,13.1,86.9,36.1,6,15,0,0,0.2,0.1,0,0,7007,sword,pommel,low_gravity,macro,standard,operational,True,029281ed627a,0.2,0.1,7,True,bot:pro vs bot:greedy,sword/low_gravity
bot:pro,bot:greedy,b,bot:greedy,points,12,76.0,76.9,23.1,24.0,5,2,0,0,0.2,0.1,0,0,8000,dagger,tip,normal,macro,standard,operational,True,029281ed627a,0.2,0.1,0,False,bot:pro vs bot:greedy,dagger/normal
bot:greedy,bot:pro,draw,,timeout_draw,12,67.7,67.4,32.4,32.4,13,12,0,0,0.3,0.4,0,0,8001,dagger,edge,normal,macro,standard,operational,True,029281ed627a,0.3,0.4,1,True,bot:pro vs bot:greedy,dagger/normal
bot:pro,bot:greedy,b,bot:greedy,points,12,60.3,83.0,16.9,39.6,8,16,0,0,0.3,0.1,0,0,8002,dagger,back_edge,normal,macro,standard,operational,True,029281ed627a,0.3,0.1,2,False,bot:pro vs bot:greedy,dagger/normal
bot:greedy,bot:pro,a,bot:greedy,points,12,75.8,17.8,82.3,24.3,9,15,0,0,0.2,0.1,0,0,8003,dagger,pommel,normal,macro,standard,operational,True,029281ed627a,0.2,0.1,3,True,bot:pro vs bot:greedy,dagger/normal
bot:pro,bot:greedy,b,bot:greedy,points,12,76.0,76.9,23.1,24.0,5,2,0,0,0.3,0.1,0,0,8004,dagger,tip,normal,macro,standard,operational,True,029281ed627a,0.3,0.1,4,False,bot:pro vs bot:greedy,dagger/normal
bot:greedy,bot:pro,a,bot:greedy,points,12,74.7,33.1,67.0,25.3,20,13,0,0,0.2,0.1,0,0,8005,dagger,edge,normal,macro,standard,operational,True,029281ed627a,0.2,0.1,5,True,bot:pro vs bot:greedy,dagger/normal
bot:pro,bot:greedy,b,bot:greedy,points,12,60.3,83.0,16.9,39.6,8,16,0,0,0.2,0.1,0,0,8006,dagger,back_edge,normal,macro,standard,operational,True,029281ed627a,0.2,0.1,6,False,bot:pro vs bot:greedy,dagger/normal
bot:greedy,bot:pro,a,bot:greedy,points,12,75.8,17.8,82.3,24.3,9,15,0,0,0.2,0.1,0,0,8007,dagger,pommel,normal,macro,standard,operational,True,029281ed627a,0.2,0.1,7,True,bot:pro vs bot:greedy,dagger/normal
bot:pro,bot:greedy,a,bot:pro,kill,10,98.9,0.0,100.8,1.1,21,1,0,0,0.2,0.1,0,0,9000,dagger,tip,ice,macro,standard,operational,True,029281ed627a,0.2,0.1,0,False,bot:pro vs bot:greedy,dagger/ice
bot:greedy,bot:pro,a,bot:greedy,points,12,77.6,41.4,58.7,22.4,9,10,0,0,0.2,0.1,0,0,9001,dagger,edge,ice,macro,standard,operational,True,029281ed627a,0.2,0.1,1,True,bot:pro vs bot:greedy,dagger/ice
bot:pro,bot:greedy,a,bot:pro,points,12,57.8,39.3,62.2,42.3,13,14,0,0,0.2,0.2,0,0,9002,dagger,back_edge,ice,macro,standard,operational,True,029281ed627a,0.2,0.2,2,False,bot:pro vs bot:greedy,dagger/ice
bot:greedy,bot:pro,b,bot:pro,points,12,73.2,88.7,11.3,26.8,1,14,0,0,0.2,0.1,0,0,9003,dagger,pommel,ice,macro,standard,operational,True,029281ed627a,0.2,0.1,3,True,bot:pro vs bot:greedy,dagger/ice
bot:pro,bot:greedy,a,bot:pro,kill,10,98.9,0.0,100.8,1.1,21,1,0,0,0.2,0.1,0,0,9004,dagger,tip,ice,macro,standard,operational,True,029281ed627a,0.2,0.1,4,False,bot:pro vs bot:greedy,dagger/ice
bot:greedy,bot:pro,a,bot:greedy,points,12,47.9,42.9,57.2,52.2,19,25,0,0,0.2,0.1,0,0,9005,dagger,edge,ice,macro,standard,operational,True,029281ed627a,0.2,0.1,5,True,bot:pro vs bot:greedy,dagger/ice
bot:pro,bot:greedy,a,bot:pro,points,12,57.8,39.3,62.2,42.3,13,14,0,0,0.2,0.1,0,0,9006,dagger,back_edge,ice,macro,standard,operational,True,029281ed627a,0.2,0.1,6,False,bot:pro vs bot:greedy,dagger/ice
bot:greedy,bot:pro,b,bot:pro,points,12,73.2,88.7,11.3,26.8,1,14,0,0,0.2,0.1,0,0,9007,dagger,pommel,ice,macro,standard,operational,True,029281ed627a,0.2,0.1,7,True,bot:pro vs bot:greedy,dagger/ice
bot:pro,bot:greedy,a,bot:pro,points,12,83.2,0.5,99.5,16.8,8,3,0,0,0.2,0.1,0,0,10000,dagger,tip,low_gravity,macro,standard,operational,True,029281ed627a,0.2,0.1,0,False,bot:pro vs bot:greedy,dagger/low_gravity
bot:greedy,bot:pro,b,bot:pro,points,12,54.3,70.0,30.0,45.8,2,8,0,0,0.2,0.1,0,0,10001,dagger,edge,low_gravity,macro,standard,operational,True,029281ed627a,0.2,0.1,1,True,bot:pro vs bot:greedy,dagger/low_gravity
bot:pro,bot:greedy,b,bot:greedy,points,12,91.1,93.9,6.1,8.9,3,3,0,0,0.2,0.1,0,0,10002,dagger,back_edge,low_gravity,macro,standard,operational,True,029281ed627a,0.2,0.1,2,False,bot:pro vs bot:greedy,dagger/low_gravity
bot:greedy,bot:pro,b,bot:pro,points,12,36.7,79.9,20.1,63.5,2,18,0,0,0.2,0.1,0,0,10003,dagger,pommel,low_gravity,macro,standard,operational,True,029281ed627a,0.2,0.1,3,True,bot:pro vs bot:greedy,dagger/low_gravity
bot:pro,bot:greedy,a,bot:pro,points,12,83.2,0.5,99.5,16.8,8,3,0,0,0.2,0.2,0,0,10004,dagger,tip,low_gravity,macro,standard,operational,True,029281ed627a,0.2,0.2,4,False,bot:pro vs bot:greedy,dagger/low_gravity
bot:greedy,bot:pro,b,bot:pro,points,12,60.5,83.8,16.2,39.5,1,8,0,0,0.2,0.1,0,0,10005,dagger,edge,low_gravity,macro,standard,operational,True,029281ed627a,0.2,0.1,5,True,bot:pro vs bot:greedy,dagger/low_gravity
bot:pro,bot:greedy,b,bot:greedy,points,12,91.1,93.9,6.1,8.9,3,3,0,0,0.2,0.1,0,0,10006,dagger,back_edge,low_gravity,macro,standard,operational,True,029281ed627a,0.2,0.1,6,False,bot:pro vs bot:greedy,dagger/low_gravity
bot:greedy,bot:pro,b,bot:pro,points,12,36.7,79.9,20.1,63.5,2,18,0,0,0.6,0.1,0,0,10007,dagger,pommel,low_gravity,macro,standard,operational,True,029281ed627a,0.6,0.1,7,True,bot:pro vs bot:greedy,dagger/low_gravity
bot:pro,bot:greedy,a,bot:pro,points,12,81.2,44.9,55.1,18.8,8,2,0,0,0.2,0.1,0,0,11000,spear,tip,normal,macro,standard,operational,True,029281ed627a,0.2,0.1,0,False,bot:pro vs bot:greedy,spear/normal
bot:greedy,bot:pro,b,bot:pro,points,12,66.3,88.7,11.3,33.7,1,7,0,0,0.2,0.1,0,0,11001,spear,shaft,normal,macro,standard,operational,True,029281ed627a,0.2,0.1,1,True,bot:pro vs bot:greedy,spear/normal
bot:pro,bot:greedy,a,bot:pro,points,12,86.4,70.1,29.8,13.5,8,4,0,0,0.6,0.1,0,0,11002,spear,butt,normal,macro,standard,operational,True,029281ed627a,0.6,0.1,2,False,bot:pro vs bot:greedy,spear/normal
bot:greedy,bot:pro,b,bot:pro,kill,7,0.0,90.9,9.1,103.8,2,17,0,0,0.2,0.1,0,0,11003,spear,tip,normal,macro,standard,operational,True,029281ed627a,0.2,0.1,3,True,bot:pro vs bot:greedy,spear/normal
bot:pro,bot:greedy,a,bot:pro,points,12,81.5,37.5,62.4,18.5,13,2,0,0,0.2,0.1,0,0,11004,spear,shaft,normal,macro,standard,operational,True,029281ed627a,0.2,0.1,4,False,bot:pro vs bot:greedy,spear/normal
bot:greedy,bot:pro,b,bot:pro,points,12,72.5,73.1,26.9,27.4,5,8,0,0,0.2,0.1,0,0,11005,spear,butt,normal,macro,standard,operational,True,029281ed627a,0.2,0.1,5,True,bot:pro vs bot:greedy,spear/normal
bot:pro,bot:greedy,a,bot:pro,points,12,81.2,44.9,55.1,18.8,8,2,0,0,0.2,0.1,0,0,11006,spear,tip,normal,macro,standard,operational,True,029281ed627a,0.2,0.1,6,False,bot:pro vs bot:greedy,spear/normal
bot:greedy,bot:pro,b,bot:pro,points,12,66.3,88.7,11.3,33.7,1,7,0,0,0.2,0.1,0,0,11007,spear,shaft,normal,macro,standard,operational,True,029281ed627a,0.2,0.1,7,True,bot:pro vs bot:greedy,spear/normal
bot:pro,bot:greedy,draw,,timeout_draw,12,98.9,98.8,1.2,1.1,1,1,0,0,0.2,0.1,0,0,12000,spear,tip,ice,macro,standard,operational,True,029281ed627a,0.2,0.1,0,False,bot:pro vs bot:greedy,spear/ice
bot:greedy,bot:pro,a,bot:greedy,points,12,100.0,80.9,19.1,0.0,1,0,0,0,0.2,0.1,0,0,12001,spear,shaft,ice,macro,standard,operational,True,029281ed627a,0.2,0.1,1,True,bot:pro vs bot:greedy,spear/ice
bot:pro,bot:greedy,a,bot:pro,points,12,96.1,94.7,5.4,3.9,2,2,0,0,0.2,0.1,0,0,12002,spear,butt,ice,macro,standard,operational,True,029281ed627a,0.2,0.1,2,False,bot:pro vs bot:greedy,spear/ice
bot:greedy,bot:pro,draw,,timeout_draw,12,98.6,99.0,1.0,1.4,1,1,0,0,0.2,0.1,0,0,12003,spear,tip,ice,macro,standard,operational,True,029281ed627a,0.2,0.1,3,True,bot:pro vs bot:greedy,spear/ice
bot:pro,bot:greedy,b,bot:greedy,points,12,80.9,100.0,0.0,19.1,0,1,0,0,0.1,0.1,0,0,12004,spear,shaft,ice,macro,standard,operational,True,029281ed627a,0.1,0.1,4,False,bot:pro vs bot:greedy,spear/ice
bot:greedy,bot:pro,b,bot:pro,points,12,94.5,99.0,1.0,5.6,1,2,0,0,0.2,0.1,0,0,12005,spear,butt,ice,macro,standard,operational,True,029281ed627a,0.2,0.1,5,True,bot:pro vs bot:greedy,spear/ice
bot:pro,bot:greedy,draw,,timeout_draw,12,98.9,98.8,1.2,1.1,1,1,0,0,0.2,0.1,0,0,12006,spear,tip,ice,macro,standard,operational,True,029281ed627a,0.2,0.1,6,False,bot:pro vs bot:greedy,spear/ice
bot:greedy,bot:pro,a,bot:greedy,points,12,100.0,80.9,19.1,0.0,1,0,0,0,0.2,0.1,0,0,12007,spear,shaft,ice,macro,standard,operational,True,029281ed627a,0.2,0.1,7,True,bot:pro vs bot:greedy,spear/ice
bot:pro,bot:greedy,b,bot:greedy,points,12,66.2,90.3,9.7,33.7,4,8,0,0,0.3,0.1,0,0,13000,spear,tip,low_gravity,macro,standard,operational,True,029281ed627a,0.3,0.1,0,False,bot:pro vs bot:greedy,spear/low_gravity
bot:greedy,bot:pro,a,bot:greedy,points,12,62.7,22.3,77.7,37.4,7,9,0,0,0.2,0.1,0,0,13001,spear,shaft,low_gravity,macro,standard,operational,True,029281ed627a,0.2,0.1,1,True,bot:pro vs bot:greedy,spear/low_gravity
bot:pro,bot:greedy,b,bot:greedy,points,12,93.3,94.4,5.6,6.7,4,5,0,0,0.2,0.3,0,0,13002,spear,butt,low_gravity,macro,standard,operational,True,029281ed627a,0.2,0.3,2,False,bot:pro vs bot:greedy,spear/low_gravity
bot:greedy,bot:pro,b,bot:pro,points,12,6.6,49.4,50.6,93.3,5,20,0,0,0.3,0.1,0,0,13003,spear,tip,low_gravity,macro,standard,operational,True,029281ed627a,0.3,0.1,3,True,bot:pro vs bot:greedy,spear/low_gravity
bot:pro,bot:greedy,b,bot:greedy,points,12,10.0,56.0,43.9,90.0,10,8,0,0,0.2,0.1,0,0,13004,spear,shaft,low_gravity,macro,standard,operational,True,029281ed627a,0.2,0.1,4,False,bot:pro vs bot:greedy,spear/low_gravity
bot:greedy,bot:pro,b,bot:pro,points,12,86.5,95.8,4.2,13.4,3,8,0,0,0.3,0.2,0,0,13005,spear,butt,low_gravity,macro,standard,operational,True,029281ed627a,0.3,0.2,5,True,bot:pro vs bot:greedy,spear/low_gravity
bot:pro,bot:greedy,b,bot:greedy,points,12,66.2,90.3,9.7,33.7,4,8,0,0,0.3,0.2,0,0,13006,spear,tip,low_gravity,macro,standard,operational,True,029281ed627a,0.3,0.2,6,False,bot:pro vs bot:greedy,spear/low_gravity
bot:greedy,bot:pro,a,bot:greedy,points,12,62.7,22.3,77.7,37.4,7,9,0,0,0.4,0.2,0,0,13007,spear,shaft,low_gravity,macro,standard,operational,True,029281ed627a,0.4,0.2,7,True,bot:pro vs bot:greedy,spear/low_gravity
bot:pro,bot:greedy,b,bot:greedy,points,12,23.6,42.7,57.3,76.4,14,26,0,0,0.3,0.2,0,0,14000,flail,ball,normal,macro,standard,operational,True,029281ed627a,0.3,0.2,0,False,bot:pro vs bot:greedy,flail/normal
bot:greedy,bot:pro,b,bot:pro,kill,5,0.0,52.9,47.0,94.2,10,5,0,0,0.4,0.2,0,0,14001,flail,spikes,normal,macro,standard,operational,True,029281ed627a,0.4,0.2,1,True,bot:pro vs bot:greedy,flail/normal
bot:pro,bot:greedy,b,bot:greedy,kill,9,0.0,5.8,94.1,109.7,12,20,0,0,0.2,0.1,0,0,14002,flail,chain,normal,macro,standard,operational,True,029281ed627a,0.2,0.1,2,False,bot:pro vs bot:greedy,flail/normal
bot:greedy,bot:pro,b,bot:pro,kill,9,0.0,28.2,71.7,104.7,14,8,0,0,0.2,0.1,0,0,14003,flail,handle,normal,macro,standard,operational,True,029281ed627a,0.2,0.1,3,True,bot:pro vs bot:greedy,flail/normal
bot:pro,bot:greedy,b,bot:greedy,points,12,23.6,42.7,57.3,76.4,14,26,0,0,0.2,0.1,0,0,14004,flail,ball,normal,macro,standard,operational,True,029281ed627a,0.2,0.1,4,False,bot:pro vs bot:greedy,flail/normal
bot:greedy,bot:pro,b,bot:pro,kill,11,0.0,13.4,86.5,100.1,11,22,0,0,0.6,0.1,0,0,14005,flail,spikes,normal,macro,standard,operational,True,029281ed627a,0.6,0.1,5,True,bot:pro vs bot:greedy,flail/normal
bot:pro,bot:greedy,b,bot:greedy,kill,9,0.0,5.8,94.1,109.7,12,20,0,0,0.2,0.1,0,0,14006,flail,chain,normal,macro,standard,operational,True,029281ed627a,0.2,0.1,6,False,bot:pro vs bot:greedy,flail/normal
bot:greedy,bot:pro,b,bot:pro,kill,9,0.0,28.2,71.7,104.7,14,8,0,0,0.2,0.1,0,0,14007,flail,handle,normal,macro,standard,operational,True,029281ed627a,0.2,0.1,7,True,bot:pro vs bot:greedy,flail/normal
bot:pro,bot:greedy,b,bot:greedy,points,12,57.8,66.4,33.6,42.2,10,11,0,0,0.2,0.1,0,0,15000,flail,ball,ice,macro,standard,operational,True,029281ed627a,0.2,0.1,0,False,bot:pro vs bot:greedy,flail/ice
bot:greedy,bot:pro,b,bot:pro,kill,8,0.0,39.5,60.2,111.8,17,13,0,0,0.2,0.1,0,0,15001,flail,spikes,ice,macro,standard,operational,True,029281ed627a,0.2,0.1,1,True,bot:pro vs bot:greedy,flail/ice
bot:pro,bot:greedy,b,bot:greedy,kill,12,0.0,24.3,75.8,102.4,15,20,0,0,0.2,0.1,0,0,15002,flail,chain,ice,macro,standard,operational,True,029281ed627a,0.2,0.1,2,False,bot:pro vs bot:greedy,flail/ice
bot:greedy,bot:pro,b,bot:pro,kill,8,0.0,32.8,67.1,105.7,10,12,0,0,0.2,0.1,0,0,15003,flail,handle,ice,macro,standard,operational,True,029281ed627a,0.2,0.1,3,True,bot:pro vs bot:greedy,flail/ice
bot:pro,bot:greedy,b,bot:greedy,points,12,57.8,66.4,33.6,42.2,10,11,0,0,0.2,0.1,0,0,15004,flail,ball,ice,macro,standard,operational,True,029281ed627a,0.2,0.1,4,False,bot:pro vs bot:greedy,flail/ice
bot:greedy,bot:pro,a,bot:greedy,points,12,22.1,19.6,89.7,79.1,17,16,0,0,0.2,0.1,0,0,15005,flail,spikes,ice,macro,standard,operational,True,029281ed627a,0.2,0.1,5,True,bot:pro vs bot:greedy,flail/ice
bot:pro,bot:greedy,b,bot:greedy,kill,12,0.0,24.3,75.8,102.4,15,20,0,0,0.2,0.1,0,0,15006,flail,chain,ice,macro,standard,operational,True,029281ed627a,0.2,0.1,6,False,bot:pro vs bot:greedy,flail/ice
bot:greedy,bot:pro,b,bot:pro,kill,8,0.0,32.8,67.1,105.7,10,12,0,0,0.2,0.1,0,0,15007,flail,handle,ice,macro,standard,operational,True,029281ed627a,0.2,0.1,7,True,bot:pro vs bot:greedy,flail/ice
bot:pro,bot:greedy,b,bot:greedy,points,12,40.6,88.7,11.3,63.1,4,29,0,0,0.2,0.1,0,0,16000,flail,ball,low_gravity,macro,standard,operational,True,029281ed627a,0.2,0.1,0,False,bot:pro vs bot:greedy,flail/low_gravity
bot:greedy,bot:pro,a,bot:greedy,kill,11,52.6,0.0,90.7,47.4,11,8,0,0,0.2,0.1,0,0,16001,flail,spikes,low_gravity,macro,standard,operational,True,029281ed627a,0.2,0.1,1,True,bot:pro vs bot:greedy,flail/low_gravity
bot:pro,bot:greedy,a,bot:pro,kill,6,53.4,0.0,102.6,46.7,11,11,0,0,0.2,0.1,0,0,16002,flail,chain,low_gravity,macro,standard,operational,True,029281ed627a,0.2,0.1,2,False,bot:pro vs bot:greedy,flail/low_gravity
bot:greedy,bot:pro,b,bot:pro,kill,3,0.0,62.5,37.5,102.2,6,7,0,0,0.2,0.1,0,0,16003,flail,handle,low_gravity,macro,standard,operational,True,029281ed627a,0.2,0.1,3,True,bot:pro vs bot:greedy,flail/low_gravity
bot:pro,bot:greedy,b,bot:greedy,points,12,40.6,88.7,11.3,63.1,4,29,0,0,0.2,0.1,0,0,16004,flail,ball,low_gravity,macro,standard,operational,True,029281ed627a,0.2,0.1,4,False,bot:pro vs bot:greedy,flail/low_gravity
bot:greedy,bot:pro,draw,,timeout_draw,12,45.5,45.9,53.9,54.7,15,9,0,0,0.2,0.3,0,0,16005,flail,spikes,low_gravity,macro,standard,operational,True,029281ed627a,0.2,0.3,5,True,bot:pro vs bot:greedy,flail/low_gravity
bot:pro,bot:greedy,a,bot:pro,kill,6,53.4,0.0,102.6,46.7,11,11,0,0,0.3,0.2,0,0,16006,flail,chain,low_gravity,macro,standard,operational,True,029281ed627a,0.3,0.2,6,False,bot:pro vs bot:greedy,flail/low_gravity
bot:greedy,bot:pro,b,bot:pro,kill,3,0.0,62.5,37.5,102.2,6,7,0,0,0.2,0.1,0,0,16007,flail,handle,low_gravity,macro,standard,operational,True,029281ed627a,0.2,0.1,7,True,bot:pro vs bot:greedy,flail/low_gravity
bot:pro,bot:greedy,b,bot:greedy,kill,5,0.0,73.4,26.6,120.5,1,3,0,0,0.2,0.1,0,0,17000,bow,arrowhead,normal,macro,standard,operational,True,029281ed627a,0.2,0.1,0,False,bot:pro vs bot:greedy,bow/normal
bot:greedy,bot:pro,a,bot:greedy,points,12,70.0,45.2,54.7,30.0,13,5,0,0,0.6,0.1,0,0,17001,bow,arrow_shaft,normal,macro,standard,operational,True,029281ed627a,0.6,0.1,1,True,bot:pro vs bot:greedy,bow/normal
bot:pro,bot:greedy,a,bot:pro,points,12,100.0,70.0,30.0,0.0,5,0,0,0,0.2,0.1,0,0,17002,bow,bow_limb,normal,macro,standard,operational,True,029281ed627a,0.2,0.1,2,False,bot:pro vs bot:greedy,bow/normal
bot:greedy,bot:pro,b,bot:pro,kill,7,0.0,46.0,54.0,104.5,3,3,0,0,0.3,0.2,0,0,17003,bow,arrowhead,normal,macro,standard,operational,True,029281ed627a,0.3,0.2,3,True,bot:pro vs bot:greedy,bow/normal
bot:pro,bot:greedy,b,bot:greedy,points,12,28.0,66.6,33.3,72.0,7,12,0,0,0.2,0.1,0,0,17004,bow,arrow_shaft,normal,macro,standard,operational,True,029281ed627a,0.2,0.1,4,False,bot:pro vs bot:greedy,bow/normal
bot:greedy,bot:pro,b,bot:pro,points,12,96.0,100.0,0.0,4.0,0,2,0,0,1.0,0.1,0,0,17005,bow,bow_limb,normal,macro,standard,operational,True,029281ed627a,1.0,0.1,5,True,bot:pro vs bot:greedy,bow/normal
bot:pro,bot:greedy,b,bot:greedy,kill,4,0.0,73.4,26.6,120.3,1,3,0,0,0.2,0.1,0,0,17006,bow,arrowhead,normal,macro,standard,operational,True,029281ed627a,0.2,0.1,6,False,bot:pro vs bot:greedy,bow/normal
bot:greedy,bot:pro,a,bot:greedy,points,12,76.0,40.8,59.1,24.0,15,4,0,0,0.2,0.2,0,0,17007,bow,arrow_shaft,normal,macro,standard,operational,True,029281ed627a,0.2,0.2,7,True,bot:pro vs bot:greedy,bow/normal
bot:pro,bot:greedy,b,bot:greedy,kill,4,0.0,73.4,26.6,110.8,1,4,0,0,0.2,0.1,0,0,18000,bow,arrowhead,ice,macro,standard,operational,True,029281ed627a,0.2,0.1,0,False,bot:pro vs bot:greedy,bow/ice
bot:greedy,bot:pro,a,bot:greedy,points,12,48.3,36.6,63.4,51.6,14,9,0,0,0.2,0.5,0,0,18001,bow,arrow_shaft,ice,macro,standard,operational,True,029281ed627a,0.2,0.5,1,True,bot:pro vs bot:greedy,bow/ice
bot:pro,bot:greedy,a,bot:pro,points,12,100.0,70.0,30.0,0.0,5,0,0,0,0.2,0.1,0,0,18002,bow,bow_limb,ice,macro,standard,operational,True,029281ed627a,0.2,0.1,2,False,bot:pro vs bot:greedy,bow/ice
bot:greedy,bot:pro,b,bot:pro,kill,4,0.0,32.0,68.0,102.0,2,3,0,0,0.2,0.2,0,0,18003,bow,arrowhead,ice,macro,standard,operational,True,029281ed627a,0.2,0.2,3,True,bot:pro vs bot:greedy,bow/ice
bot:pro,bot:greedy,b,bot:greedy,points,12,28.0,45.5,54.5,72.0,12,12,0,0,0.2,0.1,0,0,18004,bow,arrow_shaft,ice,macro,standard,operational,True,029281ed627a,0.2,0.1,4,False,bot:pro vs bot:greedy,bow/ice
bot:greedy,bot:pro,b,bot:pro,points,12,29.4,100.0,0.0,70.6,0,12,0,0,0.2,0.1,0,0,18005,bow,bow_limb,ice,macro,standard,operational,True,029281ed627a,0.2,0.1,5,True,bot:pro vs bot:greedy,bow/ice
bot:pro,bot:greedy,b,bot:greedy,kill,4,0.0,47.4,52.6,108.9,2,4,0,0,0.2,0.1,0,0,18006,bow,arrowhead,ice,macro,standard,operational,True,029281ed627a,0.2,0.1,6,False,bot:pro vs bot:greedy,bow/ice
bot:greedy,bot:pro,a,bot:greedy,points,12,42.2,33.0,67.0,57.7,15,10,0,0,0.2,0.1,0,0,18007,bow,arrow_shaft,ice,macro,standard,operational,True,029281ed627a,0.2,0.1,7,True,bot:pro vs bot:greedy,bow/ice
bot:pro,bot:greedy,b,bot:greedy,kill,1,0.0,100.0,0.0,72.2,0,1,0,0,0.2,0.1,0,0,19000,bow,arrowhead,low_gravity,macro,standard,operational,True,029281ed627a,0.2,0.1,0,False,bot:pro vs bot:greedy,bow/low_gravity
bot:greedy,bot:pro,b,bot:pro,points,12,64.0,82.0,18.0,36.0,3,6,0,0,0.2,0.1,0,0,19001,bow,arrow_shaft,low_gravity,macro,standard,operational,True,029281ed627a,0.2,0.1,1,True,bot:pro vs bot:greedy,bow/low_gravity
bot:pro,bot:greedy,draw,,timeout_draw,12,100.0,100.0,0.0,0.0,0,0,0,0,0.2,0.1,0,0,19002,bow,bow_limb,low_gravity,macro,standard,operational,True,029281ed627a,0.2,0.1,2,False,bot:pro vs bot:greedy,bow/low_gravity
bot:greedy,bot:pro,a,bot:greedy,kill,7,33.1,0.0,98.8,66.9,2,6,0,0,0.3,0.1,0,0,19003,bow,arrowhead,low_gravity,macro,standard,operational,True,029281ed627a,0.3,0.1,3,True,bot:pro vs bot:greedy,bow/low_gravity
bot:pro,bot:greedy,b,bot:greedy,points,12,65.7,100.0,0.0,34.3,0,7,0,0,0.5,0.1,0,0,19004,bow,arrow_shaft,low_gravity,macro,standard,operational,True,029281ed627a,0.5,0.1,4,False,bot:pro vs bot:greedy,bow/low_gravity
bot:greedy,bot:pro,b,bot:pro,points,12,65.5,100.0,0.0,34.5,0,6,0,0,0.2,0.1,0,0,19005,bow,bow_limb,low_gravity,macro,standard,operational,True,029281ed627a,0.2,0.1,5,True,bot:pro vs bot:greedy,bow/low_gravity
bot:pro,bot:greedy,b,bot:greedy,kill,1,0.0,100.0,0.0,72.2,0,1,0,0,0.1,0.1,0,0,19006,bow,arrowhead,low_gravity,macro,standard,operational,True,029281ed627a,0.1,0.1,6,False,bot:pro vs bot:greedy,bow/low_gravity
bot:greedy,bot:pro,b,bot:pro,points,12,71.5,82.0,18.0,28.5,3,5,0,0,0.2,0.1,0,0,19007,bow,arrow_shaft,low_gravity,macro,standard,operational,True,029281ed627a,0.2,0.1,7,True,bot:pro vs bot:greedy,bow/low_gravity
